Pclass,Sex,Age,SibSp,Parch,Fare,Embarked_Q,Embarked_S
3,0,-1.326806944007555,1,0,-0.8161405877502704,0,1
1,1,1.3948483257515318,1,0,1.5303470605700333,0,0
3,1,-0.6463931265677832,0,0,-0.7914053458899226,0,1
1,1,0.884537962671703,1,0,0.8640236186155726,0,1
3,0,-0.30618621784789735,0,0,-0.7868247455454138,0,1
